name,age
Alice,30
Bob,25
Charlie,35
David,28
Eve,32
Frank,29
Grace,31
Henry,26
Ivy,33
Jack,27
Kelly,34
Liam,30
Mia,25
Noah,35
Olivia,28
Peter,32
Quinn,29
Rachel,31
Samuel,26
Tina,33
Uma,27
Victor,34
Wendy,30
Xavier,25
Yara,35
Zane,28
Abigail,24
Benjamin,31
Catherine,29
Daniel,33
Emily,27
Frederick,36
Giselle,28
Harold,34
Isabelle,32
Joseph,29
Katherine,26
Lucas,35
Madison,31
Nathan,28
Ophelia,33
Patrick,30
Quentin,27
Rebecca,34
Steven,26
Theresa,32
Ursula,29
Vincent,35
Willow,31
Xander,28
Yasmine,33
Zachary,30
Aaron,29
Bethany,32
Caleb,27
Diana,31
Ethan,26
Felicity,33
George,30
Hannah,25
Ian,35
Julia,28
Kevin,34
Lauren,29
Michael,27
Natalie,31
Oscar,26
Penelope,33
Robert,30
Stephanie,25
Thomas,35
Victoria,28
William,34
Audrey,29
Bernard,27
Carolyn,31
Dominic,26
Eleanor,33
Felix,30
Georgia,25
Hector,35
Iris,28
Jeremiah,34
Kaitlyn,29
Leonard,27
Megan,31
Nicholas,26
Priscilla,33
Raymond,30
Samantha,25
Timothy,35
Ursula,28
Walter,34
Yvonne,29
Adrian,27
Beatrix,31
Cyrus,26
Delilah,33
Elijah,30
Farrah,25
Gavin,35
Holly,28
Jared,34
Kimberly,29
Lawrence,27
Meredith,31
Oliver,26
Piper,33
Quinton,30
Rosalie,25
Sebastian,35
Tabitha,28
Ulysses,34
Vivian,29
Xena,27
Yvette,31
Zechariah,26
